scan_date,scan_time,download_date,download_time,reader_id,antenna_id,dec_id
5/23/2021,23:21:02,5/25/2021,17:36:29,2,1,989.001034196486
5/23/2021,23:22:16,5/25/2021,17:36:29,2,1,989.001034195274
5/23/2021,23:42:31,5/25/2021,17:36:29,2,1,989.001039767679
5/23/2021,23:43:42,5/25/2021,17:36:29,2,1,989.001039767896
5/23/2021,23:48:54,5/25/2021,17:36:29,2,1,989.001034194969
5/23/2021,23:53:57,5/25/2021,17:36:29,2,1,989.001034196429
5/23/2021,23:58:26,5/25/2021,17:36:29,2,1,989.001039768878
5/24/2021,0:00:39,5/25/2021,17:36:29,2,1,989.001034194692
5/24/2021,0:03:23,5/25/2021,17:36:29,2,1,989.001039767603
5/24/2021,0:04:53,5/25/2021,17:36:29,2,1,989.001034194932
5/24/2021,0:20:41,5/25/2021,17:36:29,2,1,989.001039767877
5/24/2021,0:32:04,5/25/2021,17:36:29,2,1,989.001039768875
5/24/2021,0:33:33,5/25/2021,17:36:29,2,1,989.001039768331
5/24/2021,0:35:46,5/25/2021,17:36:29,2,1,989.001034195400
5/24/2021,0:43:47,5/25/2021,17:36:29,2,1,989.001034197059
5/24/2021,0:46:38,5/25/2021,17:36:29,2,1,989.001034196179
5/24/2021,0:56:40,5/25/2021,17:36:29,2,1,989.001034196250
5/24/2021,0:57:04,5/25/2021,17:36:29,2,1,989.001039768446
5/24/2021,0:58:42,5/25/2021,17:36:29,2,1,989.001039767739
5/24/2021,0:59:40,5/25/2021,17:36:29,2,1,989.001034196122
5/24/2021,1:04:41,5/25/2021,17:36:29,2,1,989.001039768537
5/24/2021,1:04:59,5/25/2021,17:36:29,2,1,989.001039767602
5/24/2021,1:07:50,5/25/2021,17:36:29,2,1,989.001034196372
5/24/2021,1:19:25,5/25/2021,17:36:29,2,1,989.001039769161
5/24/2021,1:23:58,5/25/2021,17:36:29,2,1,989.001034194945
5/24/2021,1:30:45,5/25/2021,17:36:29,2,1,989.001034196695
5/24/2021,1:33:57,5/25/2021,17:36:29,2,1,989.001039767904
5/24/2021,1:38:33,5/25/2021,17:36:29,2,1,989.001034195816
5/24/2021,1:40:57,5/25/2021,17:36:29,2,1,989.001034195332
5/24/2021,1:42:27,5/25/2021,17:36:29,2,1,989.001039769020
5/24/2021,1:42:34,5/25/2021,17:36:29,2,1,989.001039767770
5/24/2021,1:45:33,5/25/2021,17:36:29,2,1,989.001034195329
5/24/2021,1:48:42,5/25/2021,17:36:29,2,1,989.001034194885
5/24/2021,1:49:09,5/25/2021,17:36:29,2,1,989.001034194725
5/24/2021,1:49:56,5/25/2021,17:36:29,2,1,989.001039768504
5/24/2021,1:53:31,5/25/2021,17:36:30,2,1,989.001039768681
5/24/2021,1:54:38,5/25/2021,17:36:30,2,1,989.001034197282
5/24/2021,1:56:29,5/25/2021,17:36:30,2,1,989.001039769568
5/24/2021,2:15:13,5/25/2021,17:36:30,2,1,989.001039767810
5/24/2021,2:15:22,5/25/2021,17:36:30,2,1,989.001034196128
5/24/2021,2:15:54,5/25/2021,17:36:30,2,1,989.001039768196
5/24/2021,2:32:08,5/25/2021,17:36:30,2,1,989.001034195451
5/24/2021,2:34:17,5/25/2021,17:36:30,2,1,989.001039767824
5/24/2021,2:34:43,5/25/2021,17:36:30,2,1,989.001034195693
5/24/2021,2:36:33,5/25/2021,17:36:30,2,1,989.001039768170
5/24/2021,2:37:37,5/25/2021,17:36:30,2,1,989.001039768445
5/24/2021,2:51:41,5/25/2021,17:36:30,2,1,989.001034195418
5/24/2021,2:51:41,5/25/2021,17:36:30,2,1,989.001039769138
5/24/2021,2:58:23,5/25/2021,17:36:30,2,1,989.001034196044
5/24/2021,3:00:19,5/25/2021,17:36:30,2,1,989.001034195888
5/24/2021,3:00:23,5/25/2021,17:36:30,2,1,989.001034197493
5/24/2021,3:07:13,5/25/2021,17:36:30,2,1,989.001039769233
5/24/2021,3:07:22,5/25/2021,17:36:30,2,1,989.001034196962
5/24/2021,3:08:04,5/25/2021,17:36:30,2,1,989.001034194816
5/24/2021,3:18:27,5/25/2021,17:36:30,2,1,989.001034197258
5/24/2021,3:22:02,5/25/2021,17:36:30,2,1,989.001034196367
5/24/2021,3:23:43,5/25/2021,17:36:30,2,1,989.001034196301
5/24/2021,3:37:32,5/25/2021,17:36:30,2,1,989.001034196730
5/24/2021,3:38:05,5/25/2021,17:36:30,2,1,989.001034197283
5/24/2021,3:45:58,5/25/2021,17:36:30,2,1,989.001034196099
5/24/2021,3:58:14,5/25/2021,17:36:30,2,1,989.001039767758
5/24/2021,4:13:02,5/25/2021,17:36:30,2,1,989.001034197191
5/24/2021,4:26:00,5/25/2021,17:36:30,2,1,989.001039769289
5/24/2021,5:09:51,5/25/2021,17:36:30,2,1,989.001039769688
5/25/2021,5:25:41,5/25/2021,17:36:30,2,1,989.001039768701
5/26/2021,4:00:29,5/29/2021,9:48:21,2,1,989.001039767866
5/28/2021,23:20:21,5/29/2021,9:48:21,2,1,989.001039768511
6/21/2021,3:33:38,7/5/2021,13:25:23,2,1,989.001039769519
6/21/2021,3:34:01,7/5/2021,13:25:23,2,1,989.001034194877
6/21/2021,3:34:06,7/5/2021,13:25:23,2,1,989.001034194887
6/21/2021,3:38:36,7/5/2021,13:25:23,2,1,989.001034196244
6/21/2021,3:44:24,7/5/2021,13:25:23,2,1,989.001034195105
6/21/2021,3:54:27,7/5/2021,13:25:23,2,1,989.001034195500
6/21/2021,3:57:10,7/5/2021,13:25:23,2,1,989.001039769132
6/21/2021,5:10:42,7/5/2021,13:25:23,2,1,989.001034195801
6/21/2021,12:01:19,7/5/2021,13:25:23,2,1,989.001039768530
6/21/2021,12:27:22,7/5/2021,13:25:23,2,1,989.001039769243
6/21/2021,13:11:58,7/5/2021,13:25:23,2,1,989.001039769016
6/21/2021,14:34:56,7/5/2021,13:25:23,2,1,989.001039769238
6/21/2021,17:44:21,7/5/2021,13:25:23,2,1,989.001039768386
6/21/2021,23:25:17,7/5/2021,13:25:24,2,1,989.001034194668
6/21/2021,23:56:11,7/5/2021,13:25:24,2,1,989.001034195916
6/22/2021,0:35:24,7/5/2021,13:25:24,2,1,989.001034195419
6/22/2021,1:29:43,7/5/2021,13:25:24,2,1,989.001034197007
6/22/2021,1:42:47,7/5/2021,13:25:24,2,1,989.001034194734
6/22/2021,2:44:30,7/5/2021,13:25:24,2,1,989.001034196754
6/22/2021,3:15:21,7/5/2021,13:25:24,2,1,989.001039768785
6/22/2021,3:48:35,7/5/2021,13:25:24,2,1,989.001034196446
6/22/2021,16:12:52,7/5/2021,13:25:24,2,1,989.001039767836
6/23/2021,0:31:52,7/5/2021,13:25:25,2,1,989.001034196914
6/23/2021,0:33:21,7/5/2021,13:25:25,2,1,989.001039768517
6/23/2021,1:11:31,7/5/2021,13:25:25,2,1,989.001039768091
6/23/2021,1:12:44,7/5/2021,13:25:25,2,1,989.001034197521
6/23/2021,1:53:29,7/5/2021,13:25:25,2,1,989.001034197263
6/23/2021,2:10:19,7/5/2021,13:25:25,2,1,989.001034195911
6/23/2021,3:35:35,7/5/2021,13:25:25,2,1,989.001034197447
6/23/2021,3:44:40,7/5/2021,13:25:25,2,1,989.001034195324
6/23/2021,4:55:42,7/5/2021,13:25:25,2,1,989.001034196982
6/23/2021,19:57:01,7/5/2021,13:25:25,2,1,989.001039768552
6/23/2021,23:23:15,7/5/2021,13:25:25,2,1,989.001039767735
6/23/2021,23:34:12,7/5/2021,13:25:25,2,1,989.001039768918
6/24/2021,1:03:47,7/5/2021,13:25:25,2,1,989.001039768492
6/24/2021,1:09:59,7/5/2021,13:25:25,2,1,989.001034194882
6/24/2021,1:25:33,7/5/2021,13:25:25,2,1,989.001039767956
6/24/2021,2:50:02,7/5/2021,13:25:25,2,1,989.001034195755
6/24/2021,3:00:34,7/5/2021,13:25:25,2,1,989.001039768905
6/24/2021,3:40:15,7/5/2021,13:25:25,2,1,989.001034196768
6/24/2021,3:56:03,7/5/2021,13:25:25,2,1,989.001034194961
6/24/2021,3:56:59,7/5/2021,13:25:25,2,1,989.001034196763
6/24/2021,14:47:51,7/5/2021,13:25:25,2,1,989.001034195836
6/24/2021,23:59:15,7/5/2021,13:25:25,2,1,989.001039769313
6/25/2021,0:01:04,7/5/2021,13:25:25,2,1,989.001039768788
6/25/2021,1:23:22,7/5/2021,13:25:25,2,1,989.001039768208
6/25/2021,1:27:03,7/5/2021,13:25:25,2,1,989.001034196526
6/25/2021,1:42:58,7/5/2021,13:25:25,2,1,989.001039769286
6/25/2021,1:54:15,7/5/2021,13:25:25,2,1,989.001034195432
6/25/2021,1:58:33,7/5/2021,13:25:25,2,1,989.001039769267
6/25/2021,2:05:10,7/5/2021,13:25:25,2,1,989.001034195913
6/25/2021,2:36:31,7/5/2021,13:25:25,2,1,989.001034196778
6/25/2021,2:55:05,7/5/2021,13:25:25,2,1,989.001034196256
6/25/2021,2:57:34,7/5/2021,13:25:25,2,1,989.001034195399
6/25/2021,3:14:07,7/5/2021,13:25:25,2,1,989.001039767755
6/25/2021,3:37:15,7/5/2021,13:25:25,2,1,989.001039769674
6/25/2021,4:09:15,7/5/2021,13:25:25,2,1,989.001034196085
6/25/2021,4:18:48,7/5/2021,13:25:25,2,1,989.001039769240
6/25/2021,4:41:32,7/5/2021,13:25:25,2,1,989.001034196175
6/25/2021,10:57:17,7/5/2021,13:25:25,2,1,989.001034197206
6/25/2021,11:20:54,7/5/2021,13:25:25,2,1,989.001034194653
6/25/2021,13:14:24,7/5/2021,13:25:25,2,1,989.001039768515
6/25/2021,13:21:41,7/5/2021,13:25:25,2,1,989.001039768813
6/25/2021,15:01:11,7/5/2021,13:25:25,2,1,989.001039768502
6/25/2021,15:54:10,7/5/2021,13:25:25,2,1,989.001039767673
6/25/2021,16:51:19,7/5/2021,13:25:25,2,1,989.001039768554
6/25/2021,16:51:23,7/5/2021,13:25:25,2,1,989.001039767825
6/25/2021,17:51:36,7/5/2021,13:25:25,2,1,989.001039768770
6/25/2021,19:25:42,7/5/2021,13:25:25,2,1,989.001039768908
6/25/2021,21:41:42,7/5/2021,13:25:25,2,1,989.001039768147
6/25/2021,22:08:00,7/5/2021,13:25:25,2,1,989.001034196549
6/25/2021,22:40:57,7/5/2021,13:25:25,2,1,989.001039769055
6/25/2021,22:47:31,7/5/2021,13:25:25,2,1,989.001034194774
6/25/2021,23:32:54,7/5/2021,13:25:26,2,1,989.001034197255
6/25/2021,23:47:03,7/5/2021,13:25:26,2,1,989.001039768405
6/25/2021,23:55:37,7/5/2021,13:25:26,2,1,989.001039769550
6/25/2021,23:58:16,7/5/2021,13:25:26,2,1,989.001039769668
6/25/2021,23:59:41,7/5/2021,13:25:26,2,1,989.001034197078
6/26/2021,0:03:28,7/5/2021,13:25:26,2,1,989.001034197267
6/26/2021,0:18:10,7/5/2021,13:25:26,2,1,989.001034196870
6/26/2021,0:25:10,7/5/2021,13:25:26,2,1,989.001039768223
6/26/2021,0:34:41,7/5/2021,13:25:26,2,1,989.001039768590
6/26/2021,0:40:14,7/5/2021,13:25:26,2,1,989.001034195953
6/26/2021,0:42:04,7/5/2021,13:25:26,2,1,989.001034196766
6/26/2021,0:43:30,7/5/2021,13:25:26,2,1,989.001034195628
6/26/2021,0:50:11,7/5/2021,13:25:26,2,1,989.001034195714
6/26/2021,0:54:31,7/5/2021,13:25:26,2,1,989.001039767856
6/26/2021,1:02:45,7/5/2021,13:25:26,2,1,989.001039767957
6/26/2021,1:09:20,7/5/2021,13:25:26,2,1,989.001034196121
6/26/2021,1:11:18,7/5/2021,13:25:26,2,1,989.001034196329
6/26/2021,1:14:40,7/5/2021,13:25:26,2,1,989.001039768564
6/26/2021,1:41:18,7/5/2021,13:25:26,2,1,989.001039768732
6/26/2021,1:51:43,7/5/2021,13:25:26,2,1,989.001039768333
6/26/2021,1:51:54,7/5/2021,13:25:26,2,1,989.001034197538
6/26/2021,1:52:41,7/5/2021,13:25:26,2,1,989.001034195006
6/26/2021,1:57:09,7/5/2021,13:25:26,2,1,989.001034196222
6/26/2021,2:01:13,7/5/2021,13:25:26,2,1,989.001039767852
6/26/2021,2:26:14,7/5/2021,13:25:26,2,1,989.001034197286
6/26/2021,2:29:15,7/5/2021,13:25:26,2,1,989.001034196430
6/26/2021,2:30:12,7/5/2021,13:25:26,2,1,989.001039769065
6/26/2021,2:31:10,7/5/2021,13:25:26,2,1,989.001034196950
6/26/2021,2:32:24,7/5/2021,13:25:26,2,1,989.001034194982
6/26/2021,2:32:35,7/5/2021,13:25:26,2,1,989.001034195219
6/26/2021,2:34:19,7/5/2021,13:25:26,2,1,989.001039768856
6/26/2021,2:35:58,7/5/2021,13:25:26,2,1,989.001034195624
6/26/2021,2:47:23,7/5/2021,13:25:26,2,1,989.001039768162
6/26/2021,2:47:52,7/5/2021,13:25:26,2,1,989.001034196520
6/26/2021,3:01:47,7/5/2021,13:25:26,2,1,989.001039769301
6/26/2021,3:11:01,7/5/2021,13:25:26,2,1,989.001034195633
6/26/2021,3:21:39,7/5/2021,13:25:26,2,1,989.001039769482
6/26/2021,3:35:35,7/5/2021,13:25:26,2,1,989.001039768626
6/26/2021,4:11:43,7/5/2021,13:25:26,2,1,989.001039768098
6/26/2021,4:42:22,7/5/2021,13:25:26,2,1,989.001034196254
6/26/2021,5:32:17,7/5/2021,13:25:26,2,1,989.001034196836
6/26/2021,9:08:32,7/5/2021,13:25:26,2,1,989.001039768101
6/26/2021,11:53:19,7/5/2021,13:25:27,2,1,989.001039769262
6/26/2021,13:54:51,7/5/2021,13:25:27,2,1,989.001039767935
6/26/2021,14:23:46,7/5/2021,13:25:27,2,1,989.001034196105
6/26/2021,14:49:50,7/5/2021,13:25:27,2,1,989.001034197444
6/26/2021,15:41:50,7/5/2021,13:25:27,2,1,989.001034196744
6/26/2021,16:16:09,7/5/2021,13:25:27,2,1,989.001039768496
6/26/2021,16:32:54,7/5/2021,13:25:27,2,1,989.001039768112
6/26/2021,17:53:31,7/5/2021,13:25:27,2,1,989.001039768806
6/26/2021,20:17:15,7/5/2021,13:25:27,2,1,989.001039769414
6/26/2021,21:22:42,7/5/2021,13:25:27,2,1,989.001034196585
6/26/2021,22:25:45,7/5/2021,13:25:27,2,1,989.001034196521
6/26/2021,22:45:29,7/5/2021,13:25:27,2,1,989.001039768830
6/26/2021,23:25:44,7/5/2021,13:25:27,2,1,989.001034196645
6/26/2021,23:30:16,7/5/2021,13:25:27,2,1,989.001034196235
6/26/2021,23:31:49,7/5/2021,13:25:27,2,1,989.001039768729
6/26/2021,23:32:25,7/5/2021,13:25:27,2,1,989.001034195463
6/26/2021,23:38:49,7/5/2021,13:25:27,2,1,989.001039769149
6/26/2021,23:40:03,7/5/2021,13:25:27,2,1,989.001039768332
6/26/2021,23:47:52,7/5/2021,13:25:27,2,1,989.001034196041
6/26/2021,23:53:44,7/5/2021,13:25:27,2,1,989.001039767714
6/26/2021,23:59:54,7/5/2021,13:25:27,2,1,989.001034196920
6/27/2021,0:00:08,7/5/2021,13:25:27,2,1,989.001034197556
6/27/2021,0:06:57,7/5/2021,13:25:27,2,1,989.001034196167
6/27/2021,0:09:18,7/5/2021,13:25:27,2,1,989.001034195761
6/27/2021,0:14:14,7/5/2021,13:25:27,2,1,989.001034195010
6/27/2021,0:14:28,7/5/2021,13:25:27,2,1,989.001034196031
6/27/2021,0:20:58,7/5/2021,13:25:27,2,1,989.001034196833
6/27/2021,0:21:42,7/5/2021,13:25:27,2,1,989.001039768380
6/27/2021,0:22:21,7/5/2021,13:25:27,2,1,989.001034195903
6/27/2021,0:24:29,7/5/2021,13:25:27,2,1,989.001039768288
6/27/2021,0:27:16,7/5/2021,13:25:27,2,1,989.001034196038
6/27/2021,0:30:04,7/5/2021,13:25:27,2,1,989.001039769589
6/27/2021,0:32:08,7/5/2021,13:25:27,2,1,989.001034197077
6/27/2021,0:34:54,7/5/2021,13:25:27,2,1,989.001039768638
6/27/2021,0:41:34,7/5/2021,13:25:27,2,1,989.001034195313
6/27/2021,0:48:38,7/5/2021,13:25:27,2,1,989.001034195606
6/27/2021,0:54:44,7/5/2021,13:25:27,2,1,989.001034197029
6/27/2021,0:55:44,7/5/2021,13:25:27,2,1,989.001034196912
6/27/2021,0:56:03,7/5/2021,13:25:27,2,1,989.001034196123
6/27/2021,0:59:30,7/5/2021,13:25:27,2,1,989.001034197474
6/27/2021,1:04:33,7/5/2021,13:25:27,2,1,989.001034196039
6/27/2021,1:14:00,7/5/2021,13:25:27,2,1,989.001034196958
6/27/2021,1:36:18,7/5/2021,13:25:27,2,1,989.001034196949
6/27/2021,1:41:20,7/5/2021,13:25:27,2,1,989.001039769637
6/27/2021,1:43:39,7/5/2021,13:25:28,2,1,989.001034196786
6/27/2021,1:46:12,7/5/2021,13:25:28,2,1,989.001034197099
6/27/2021,1:48:28,7/5/2021,13:25:28,2,1,989.001039767841
6/27/2021,1:55:27,7/5/2021,13:25:28,2,1,989.001034196158
6/27/2021,2:11:21,7/5/2021,13:25:28,2,1,989.001034196448
6/27/2021,2:22:34,7/5/2021,13:25:28,2,1,989.001034197586
6/27/2021,2:31:21,7/5/2021,13:25:28,2,1,989.001039769626
6/27/2021,2:36:58,7/5/2021,13:25:28,2,1,989.001039769113
6/27/2021,2:48:33,7/5/2021,13:25:28,2,1,989.001034194801
6/27/2021,2:51:14,7/5/2021,13:25:28,2,1,989.001039769372
6/27/2021,2:52:05,7/5/2021,13:25:28,2,1,989.001039768680
6/27/2021,3:13:52,7/5/2021,13:25:28,2,1,989.001034195196
6/27/2021,3:20:03,7/5/2021,13:25:28,2,1,989.001034196944
6/27/2021,3:21:49,7/5/2021,13:25:28,2,1,989.001039767832
6/27/2021,3:28:41,7/5/2021,13:25:28,2,1,989.001039769548
6/27/2021,3:36:32,7/5/2021,13:25:28,2,1,989.001039769154
6/27/2021,3:49:56,7/5/2021,13:25:28,2,1,989.001039768499
6/27/2021,4:00:05,7/5/2021,13:25:28,2,1,989.001034195443
6/27/2021,4:08:11,7/5/2021,13:25:28,2,1,989.001034195784
6/27/2021,4:17:36,7/5/2021,13:25:28,2,1,989.001039769172
6/27/2021,8:45:17,7/5/2021,13:25:28,2,1,989.001039769045
6/27/2021,13:10:54,7/5/2021,13:25:28,2,1,989.001039769344
6/27/2021,14:26:01,7/5/2021,13:25:28,2,1,989.001039769337
6/27/2021,14:56:18,7/5/2021,13:25:28,2,1,989.001034197541
6/27/2021,17:14:33,7/5/2021,13:25:28,2,1,989.001039769118
6/27/2021,19:17:15,7/5/2021,13:25:28,2,1,989.001039769385
6/27/2021,19:59:09,7/5/2021,13:25:29,2,1,989.001039768980
6/27/2021,21:01:08,7/5/2021,13:25:29,2,1,989.001034197176
6/27/2021,23:08:27,7/5/2021,13:25:29,2,1,989.001034195930
6/27/2021,23:17:07,7/5/2021,13:25:30,2,1,989.001034196201
6/27/2021,23:23:33,7/5/2021,13:25:30,2,1,989.001034195641
6/27/2021,23:23:43,7/5/2021,13:25:30,2,1,989.001039767712
6/27/2021,23:30:19,7/5/2021,13:25:30,2,1,989.001034197411
6/27/2021,23:35:30,7/5/2021,13:25:30,2,1,989.001039768030
6/27/2021,23:40:43,7/5/2021,13:25:30,2,1,989.001039768368
6/27/2021,23:43:59,7/5/2021,13:25:30,2,1,989.001034196933
6/27/2021,23:47:43,7/5/2021,13:25:30,2,1,989.001034197575
6/27/2021,23:48:07,7/5/2021,13:25:30,2,1,989.001034195305
6/27/2021,23:52:23,7/5/2021,13:25:30,2,1,989.001034197184
6/27/2021,23:58:39,7/5/2021,13:25:30,2,1,989.001034196163
6/28/2021,0:01:18,7/5/2021,13:25:30,2,1,989.001034196894
6/28/2021,0:03:25,7/5/2021,13:25:30,2,1,989.001034197288
6/28/2021,0:16:26,7/5/2021,13:25:30,2,1,989.001034196159
6/28/2021,0:22:26,7/5/2021,13:25:30,2,1,989.001039769684
6/28/2021,0:26:48,7/5/2021,13:25:30,2,1,989.001034194775
6/28/2021,0:35:19,7/5/2021,13:25:30,2,1,989.001039769259
6/28/2021,0:36:20,7/5/2021,13:25:30,2,1,989.001034196497
6/28/2021,0:43:16,7/5/2021,13:25:30,2,1,989.001034196712
6/28/2021,0:47:27,7/5/2021,13:25:30,2,1,989.001034195986
6/28/2021,0:52:54,7/5/2021,13:25:30,2,1,989.001034196264
6/28/2021,0:57:36,7/5/2021,13:25:30,2,1,989.001034194688
6/28/2021,0:59:53,7/5/2021,13:25:30,2,1,989.001034196814
6/28/2021,1:01:32,7/5/2021,13:25:30,2,1,989.001034197529
6/28/2021,1:03:08,7/5/2021,13:25:30,2,1,989.001034195380
6/28/2021,1:04:41,7/5/2021,13:25:30,2,1,989.001039768087
6/28/2021,1:10:47,7/5/2021,13:25:30,2,1,989.001034197331
6/28/2021,1:12:15,7/5/2021,13:25:30,2,1,989.001039767722
6/28/2021,1:12:59,7/5/2021,13:25:30,2,1,989.001034195067
6/28/2021,1:22:09,7/5/2021,13:25:30,2,1,989.001034194619
6/28/2021,1:26:05,7/5/2021,13:25:30,2,1,989.001034194883
6/28/2021,1:33:29,7/5/2021,13:25:30,2,1,989.001034195866
6/28/2021,1:35:02,7/5/2021,13:25:30,2,1,989.001034196442
6/28/2021,1:36:01,7/5/2021,13:25:30,2,1,989.001039769672
6/28/2021,1:37:24,7/5/2021,13:25:30,2,1,989.001034195298
6/28/2021,1:38:29,7/5/2021,13:25:30,2,1,989.001034197129
6/28/2021,1:38:47,7/5/2021,13:25:30,2,1,989.001034195898
6/28/2021,1:39:06,7/5/2021,13:25:30,2,1,989.001034196273
6/28/2021,1:39:13,7/5/2021,13:25:30,2,1,989.001039769656
6/28/2021,1:53:21,7/5/2021,13:25:30,2,1,989.001039768773
6/28/2021,1:53:27,7/5/2021,13:25:30,2,1,989.001034195286
6/28/2021,2:02:51,7/5/2021,13:25:30,2,1,989.001034195423
6/28/2021,2:26:48,7/5/2021,13:25:30,2,1,989.001034195824
6/28/2021,2:42:47,7/5/2021,13:25:30,2,1,989.001034195844
6/28/2021,2:43:45,7/5/2021,13:25:30,2,1,989.001034195907
6/28/2021,2:58:18,7/5/2021,13:25:30,2,1,989.001034196232
6/28/2021,3:02:11,7/5/2021,13:25:30,2,1,989.001034197350
6/28/2021,3:03:54,7/5/2021,13:25:30,2,1,989.001034196142
6/28/2021,3:19:59,7/5/2021,13:25:30,2,1,989.001034195818
6/28/2021,4:45:52,7/5/2021,13:25:30,2,1,989.001034197569
6/28/2021,4:57:55,7/5/2021,13:25:30,2,1,989.001039768351
6/28/2021,10:37:53,7/5/2021,13:25:30,2,1,989.001034194693
6/28/2021,12:19:33,7/5/2021,13:25:30,2,1,989.001039768265
6/28/2021,14:58:17,7/5/2021,13:25:30,2,1,989.001039767783
6/28/2021,15:15:31,7/5/2021,13:25:30,2,1,989.001039769129
6/28/2021,15:18:00,7/5/2021,13:25:30,2,1,989.001034196400
6/28/2021,16:26:35,7/5/2021,13:25:30,2,1,989.001039769419
6/28/2021,18:42:29,7/5/2021,13:25:30,2,1,989.001039769284
6/28/2021,21:32:51,7/5/2021,13:25:30,2,1,989.001034195194
6/28/2021,22:29:12,7/5/2021,13:25:31,2,1,989.001039768823
6/28/2021,23:23:18,7/5/2021,13:25:31,2,1,989.001034195622
6/28/2021,23:32:30,7/5/2021,13:25:31,2,1,989.001034195425
6/28/2021,23:36:54,7/5/2021,13:25:31,2,1,989.001034197345
6/28/2021,23:39:28,7/5/2021,13:25:31,2,1,989.001034194838
6/28/2021,23:44:44,7/5/2021,13:25:31,2,1,989.001034197229
6/28/2021,23:48:13,7/5/2021,13:25:31,2,1,989.001034195110
6/28/2021,23:51:48,7/5/2021,13:25:31,2,1,989.001034197080
6/29/2021,0:03:36,7/5/2021,13:25:31,2,1,989.001034195653
6/29/2021,0:08:10,7/5/2021,13:25:31,2,1,989.001039768302
6/29/2021,0:12:55,7/5/2021,13:25:31,2,1,989.001039767626
6/29/2021,0:18:02,7/5/2021,13:25:31,2,1,989.001034196150
6/29/2021,0:27:43,7/5/2021,13:25:31,2,1,989.001034196528
6/29/2021,0:33:29,7/5/2021,13:25:31,2,1,989.001034197477
6/29/2021,0:39:41,7/5/2021,13:25:31,2,1,989.001034196986
6/29/2021,0:41:09,7/5/2021,13:25:31,2,1,989.001034196592
6/29/2021,0:48:05,7/5/2021,13:25:31,2,1,989.001034195804
6/29/2021,0:48:25,7/5/2021,13:25:31,2,1,989.001034195489
6/29/2021,0:49:29,7/5/2021,13:25:31,2,1,989.001034197043
6/29/2021,0:51:35,7/5/2021,13:25:31,2,1,989.001039768866
6/29/2021,0:56:26,7/5/2021,13:25:31,2,1,989.001034195178
6/29/2021,1:04:27,7/5/2021,13:25:31,2,1,989.001039768865
6/29/2021,1:08:50,7/5/2021,13:25:31,2,1,989.001034194703
6/29/2021,1:12:32,7/5/2021,13:25:31,2,1,989.001034194942
6/29/2021,1:19:54,7/5/2021,13:25:31,2,1,989.001039768853
6/29/2021,1:23:11,7/5/2021,13:25:31,2,1,989.001034195055
6/29/2021,1:30:16,7/5/2021,13:25:31,2,1,989.001039767604
6/29/2021,1:30:44,7/5/2021,13:25:31,2,1,989.001034197407
6/29/2021,1:40:05,7/5/2021,13:25:31,2,1,989.001034195454
6/29/2021,1:43:34,7/5/2021,13:25:32,2,1,989.001034196373
6/29/2021,1:51:26,7/5/2021,13:25:32,2,1,989.001034195154
6/29/2021,1:56:39,7/5/2021,13:25:32,2,1,989.001034197353
6/29/2021,2:00:41,7/5/2021,13:25:32,2,1,989.001034195829
6/29/2021,2:04:56,7/5/2021,13:25:32,2,1,989.001034195723
6/29/2021,2:06:59,7/5/2021,13:25:32,2,1,989.001034195251
6/29/2021,2:10:50,7/5/2021,13:25:32,2,1,989.001034196871
6/29/2021,2:11:21,7/5/2021,13:25:32,2,1,989.001034195678
6/29/2021,2:11:25,7/5/2021,13:25:32,2,1,989.001034197318
6/29/2021,2:30:22,7/5/2021,13:25:32,2,1,989.001039768415
6/29/2021,2:32:26,7/5/2021,13:25:32,2,1,989.001034195635
6/29/2021,2:33:49,7/5/2021,13:25:32,2,1,989.001039768465
6/29/2021,2:35:56,7/5/2021,13:25:32,2,1,989.001039769297
6/29/2021,2:53:40,7/5/2021,13:25:32,2,1,989.001034196185
6/29/2021,3:06:45,7/5/2021,13:25:32,2,1,989.001034197378
6/29/2021,3:19:36,7/5/2021,13:25:32,2,1,989.001034195098
6/29/2021,3:29:53,7/5/2021,13:25:32,2,1,989.001039768525
6/29/2021,3:33:04,7/5/2021,13:25:32,2,1,989.001039768020
6/29/2021,4:04:04,7/5/2021,13:25:32,2,1,989.001034195208
6/29/2021,5:04:46,7/5/2021,13:25:32,2,1,989.001034196610
6/29/2021,10:01:15,7/5/2021,13:25:36,2,1,989.001034197054
6/29/2021,15:10:41,7/5/2021,13:25:36,2,1,989.001039768142
6/29/2021,22:37:23,7/5/2021,13:25:36,2,1,989.001034197458
6/29/2021,23:13:06,7/5/2021,13:25:36,2,1,989.001034196856
6/29/2021,23:20:01,7/5/2021,13:25:36,2,1,989.001034197169
6/29/2021,23:24:08,7/5/2021,13:25:36,2,1,989.001034197375
6/29/2021,23:24:39,7/5/2021,13:25:36,2,1,989.001034194949
6/29/2021,23:30:20,7/5/2021,13:25:36,2,1,989.001039768414
6/29/2021,23:34:27,7/5/2021,13:25:36,2,1,989.001039768312
6/29/2021,23:34:50,7/5/2021,13:25:36,2,1,989.001034197165
6/29/2021,23:42:33,7/5/2021,13:25:36,2,1,989.001034194606
6/29/2021,23:56:12,7/5/2021,13:25:36,2,1,989.001034196819
6/30/2021,0:00:53,7/5/2021,13:25:36,2,1,989.001034197436
6/30/2021,0:01:32,7/5/2021,13:25:36,2,1,989.001034196001
6/30/2021,0:02:38,7/5/2021,13:25:36,2,1,989.001039769389
6/30/2021,0:03:08,7/5/2021,13:25:36,2,1,989.001034197486
6/30/2021,0:04:10,7/5/2021,13:25:36,2,1,989.001034196720
6/30/2021,0:05:46,7/5/2021,13:25:36,2,1,989.001034196705
6/30/2021,0:11:47,7/5/2021,13:25:36,2,1,989.001034197500
6/30/2021,0:18:42,7/5/2021,13:25:36,2,1,989.001034196135
6/30/2021,0:33:17,7/5/2021,13:25:36,2,1,989.001034196473
6/30/2021,0:35:41,7/5/2021,13:25:36,2,1,989.001034194626
6/30/2021,0:36:10,7/5/2021,13:25:36,2,1,989.001034195795
6/30/2021,0:38:51,7/5/2021,13:25:36,2,1,989.001034196648
6/30/2021,0:52:38,7/5/2021,13:25:36,2,1,989.001034197006
6/30/2021,0:54:26,7/5/2021,13:25:36,2,1,989.001034195803
6/30/2021,1:00:31,7/5/2021,13:25:37,2,1,989.001034196522
6/30/2021,1:00:42,7/5/2021,13:25:37,2,1,989.001034197127
6/30/2021,1:06:58,7/5/2021,13:25:37,2,1,989.001034194968
6/30/2021,1:08:55,7/5/2021,13:25:37,2,1,989.001039767628
6/30/2021,1:19:11,7/5/2021,13:25:37,2,1,989.001034195487
6/30/2021,1:22:56,7/5/2021,13:25:37,2,1,989.001039768346
6/30/2021,1:36:07,7/5/2021,13:25:37,2,1,989.001034196287
6/30/2021,1:41:33,7/5/2021,13:25:37,2,1,989.001039769279
6/30/2021,1:49:54,7/5/2021,13:25:37,2,1,989.001034195667
6/30/2021,1:50:45,7/5/2021,13:25:37,2,1,989.001039768603
6/30/2021,1:52:30,7/5/2021,13:25:37,2,1,989.001034196897
6/30/2021,1:58:31,7/5/2021,13:25:37,2,1,989.001034196627
6/30/2021,2:00:47,7/5/2021,13:25:37,2,1,989.001034197593
6/30/2021,2:25:26,7/5/2021,13:25:37,2,1,989.001034195981
6/30/2021,2:40:17,7/5/2021,13:25:37,2,1,989.001039767614
6/30/2021,2:59:51,7/5/2021,13:25:37,2,1,989.001039767948
6/30/2021,3:11:54,7/5/2021,13:25:37,2,1,989.001039769273
6/30/2021,3:40:12,7/5/2021,13:25:37,2,1,989.001034195697
6/30/2021,3:45:36,7/5/2021,13:25:37,2,1,989.001039768019
6/30/2021,3:55:55,7/5/2021,13:25:37,2,1,989.001039767685
6/30/2021,14:14:29,7/5/2021,13:25:37,2,1,989.001034196802
6/30/2021,23:10:12,7/5/2021,13:25:37,2,1,989.001034196909
6/30/2021,23:14:27,7/5/2021,13:25:37,2,1,989.001034197489
6/30/2021,23:33:16,7/5/2021,13:25:37,2,1,989.001034196291
6/30/2021,23:34:35,7/5/2021,13:25:37,2,1,989.001034196198
6/30/2021,23:46:54,7/5/2021,13:25:37,2,1,989.001034196775
6/30/2021,23:48:20,7/5/2021,13:25:37,2,1,989.001039768032
7/1/2021,0:02:31,7/5/2021,13:25:37,2,1,989.001034196659
7/1/2021,0:05:35,7/5/2021,13:25:37,2,1,989.001034195954
7/1/2021,0:15:10,7/5/2021,13:25:37,2,1,989.001034197406
7/1/2021,0:46:13,7/5/2021,13:25:37,2,1,989.001034195402
7/1/2021,0:55:52,7/5/2021,13:25:37,2,1,989.001034195316
7/1/2021,1:27:38,7/5/2021,13:25:37,2,1,989.001039768594
7/1/2021,1:31:58,7/5/2021,13:25:37,2,1,989.001039767773
7/1/2021,1:49:30,7/5/2021,13:25:37,2,1,989.001034196210
7/1/2021,1:52:26,7/5/2021,13:25:37,2,1,989.001034194788
7/1/2021,1:56:28,7/5/2021,13:25:37,2,1,989.001034195700
7/1/2021,2:47:53,7/5/2021,13:25:37,2,1,989.001034197205
7/1/2021,2:48:58,7/5/2021,13:25:37,2,1,989.001034195308
7/1/2021,3:12:19,7/5/2021,13:25:37,2,1,989.001034195403
7/1/2021,3:16:17,7/5/2021,13:25:37,2,1,989.001034195877
7/1/2021,3:21:10,7/5/2021,13:25:37,2,1,989.001034194699
7/1/2021,4:10:13,7/5/2021,13:25:37,2,1,989.001034196886
7/1/2021,16:55:53,7/5/2021,13:25:37,2,1,989.001034197003
7/1/2021,23:31:41,7/5/2021,13:25:37,2,1,989.001034196162
7/1/2021,23:40:20,7/5/2021,13:25:37,2,1,989.001034195880
7/2/2021,0:00:31,7/5/2021,13:25:37,2,1,989.001039768292
7/2/2021,0:01:55,7/5/2021,13:25:37,2,1,989.001034194886
7/2/2021,0:07:27,7/5/2021,13:25:37,2,1,989.001034195337
7/2/2021,0:51:35,7/5/2021,13:25:37,2,1,989.001034196325
7/2/2021,1:11:58,7/5/2021,13:25:37,2,1,989.001034196642
7/2/2021,1:46:46,7/5/2021,13:25:37,2,1,989.001034195764
7/2/2021,2:08:31,7/5/2021,13:25:37,2,1,989.001034196615
7/2/2021,2:12:29,7/5/2021,13:25:37,2,1,989.001034195924
7/2/2021,2:26:09,7/5/2021,13:25:37,2,1,989.001034197300
7/2/2021,2:38:02,7/5/2021,13:25:37,2,1,989.001034197441
7/2/2021,2:52:28,7/5/2021,13:25:37,2,1,989.001034196069
7/2/2021,3:02:50,7/5/2021,13:25:37,2,1,989.001034194929
7/2/2021,3:07:21,7/5/2021,13:25:37,2,1,989.001034195095
7/2/2021,3:08:21,7/5/2021,13:25:37,2,1,989.001034195843
7/2/2021,10:19:36,7/5/2021,13:25:37,2,1,989.001034197513
7/2/2021,13:33:06,7/5/2021,13:25:37,2,1,989.001034197365
7/2/2021,15:08:55,7/5/2021,13:25:37,2,1,989.001034197265
7/2/2021,22:55:59,7/5/2021,13:25:37,2,1,989.001034195799
7/2/2021,23:19:39,7/5/2021,13:25:37,2,1,989.001039768070
7/2/2021,23:27:34,7/5/2021,13:25:37,2,1,989.001039767895
7/2/2021,23:27:55,7/5/2021,13:25:37,2,1,989.001039768012
7/2/2021,23:46:56,7/5/2021,13:25:37,2,1,989.001034195856
7/2/2021,23:53:39,7/5/2021,13:25:37,2,1,989.001034196115
7/3/2021,0:30:37,7/5/2021,13:25:37,2,1,989.001039767754
7/3/2021,0:47:43,7/5/2021,13:25:37,2,1,989.001034197317
7/3/2021,1:03:22,7/5/2021,13:25:37,2,1,989.001034194605
7/3/2021,1:18:06,7/5/2021,13:25:37,2,1,989.001034196000
7/3/2021,1:53:16,7/5/2021,13:25:37,2,1,989.001039769504
7/3/2021,2:13:55,7/5/2021,13:25:37,2,1,989.001034195042
7/3/2021,2:25:43,7/5/2021,13:25:37,2,1,989.001034195297
7/3/2021,2:43:55,7/5/2021,13:25:37,2,1,989.001034196424
7/3/2021,2:47:01,7/5/2021,13:25:37,2,1,989.001034194686
7/3/2021,2:48:19,7/5/2021,13:25:37,2,1,989.001034195887
7/3/2021,2:57:35,7/5/2021,13:25:37,2,1,989.001034197185
7/3/2021,3:00:46,7/5/2021,13:25:37,2,1,989.001039767928
7/3/2021,3:00:50,7/5/2021,13:25:37,2,1,989.001039767643
7/3/2021,3:06:24,7/5/2021,13:25:38,2,1,989.001034196049
7/3/2021,3:09:20,7/5/2021,13:25:38,2,1,989.001034196699
7/3/2021,3:14:20,7/5/2021,13:25:38,2,1,989.001034196599
7/3/2021,3:17:04,7/5/2021,13:25:38,2,1,989.001034195922
7/3/2021,3:18:55,7/5/2021,13:25:38,2,1,989.001034196305
7/3/2021,3:19:26,7/5/2021,13:25:38,2,1,989.001039769615
7/3/2021,3:19:46,7/5/2021,13:25:38,2,1,989.001039768532
7/3/2021,3:20:03,7/5/2021,13:25:38,2,1,989.001034194935
7/3/2021,3:21:59,7/5/2021,13:25:38,2,1,989.001034197088
7/3/2021,3:24:28,7/5/2021,13:25:38,2,1,989.001039768869
7/3/2021,3:25:54,7/5/2021,13:25:38,2,1,989.001034196480
7/3/2021,3:26:42,7/5/2021,13:25:38,2,1,989.001034194841
7/3/2021,3:34:08,7/5/2021,13:25:38,2,1,989.001034195341
7/3/2021,3:35:14,7/5/2021,13:25:38,2,1,989.001039768755
7/3/2021,3:37:06,7/5/2021,13:25:38,2,1,989.001034196255
7/3/2021,3:42:21,7/5/2021,13:25:38,2,1,989.001034195054
7/3/2021,3:43:43,7/5/2021,13:25:38,2,1,989.001039768444
7/3/2021,3:49:31,7/5/2021,13:25:38,2,1,989.001034196955
7/3/2021,3:52:28,7/5/2021,13:25:38,2,1,989.001034195811
7/3/2021,4:06:14,7/5/2021,13:25:38,2,1,989.001039768468
7/3/2021,4:14:02,7/5/2021,13:25:38,2,1,989.001034197274
7/3/2021,4:22:04,7/5/2021,13:25:38,2,1,989.001034196082
7/3/2021,4:35:44,7/5/2021,13:25:38,2,1,989.001034196889
7/3/2021,4:38:03,7/5/2021,13:25:38,2,1,989.001039768452
7/3/2021,14:39:08,7/5/2021,13:25:38,2,1,989.001034196258
7/3/2021,16:47:07,7/5/2021,13:25:38,2,1,989.001039767884
7/3/2021,17:45:26,7/5/2021,13:25:38,2,1,989.001039768720
7/3/2021,22:27:10,7/5/2021,13:25:38,2,1,989.001034196606
7/3/2021,22:29:12,7/5/2021,13:25:38,2,1,989.001039768438
7/3/2021,22:33:20,7/5/2021,13:25:38,2,1,989.001039767620
7/3/2021,23:25:40,7/5/2021,13:25:38,2,1,989.001039768787
7/3/2021,23:34:13,7/5/2021,13:25:38,2,1,989.001034195941
7/3/2021,23:34:23,7/5/2021,13:25:38,2,1,989.001034196875
7/3/2021,23:41:30,7/5/2021,13:25:38,2,1,989.001039769373
7/3/2021,23:54:31,7/5/2021,13:25:38,2,1,989.001034196139
7/4/2021,0:00:24,7/5/2021,13:25:38,2,1,989.001034196741
7/4/2021,0:05:59,7/5/2021,13:25:38,2,1,989.001034197149
7/4/2021,0:10:06,7/5/2021,13:25:38,2,1,989.001034196146
7/4/2021,0:20:30,7/5/2021,13:25:38,2,1,989.001039768026
7/4/2021,0:22:08,7/5/2021,13:25:38,2,1,989.001034197190
7/4/2021,0:23:56,7/5/2021,13:25:38,2,1,989.001039768962
7/4/2021,0:34:47,7/5/2021,13:25:38,2,1,989.001034195674
7/4/2021,0:44:23,7/5/2021,13:25:38,2,1,989.001039768714
7/4/2021,0:55:57,7/5/2021,13:25:38,2,1,989.001039768018
7/4/2021,0:56:36,7/5/2021,13:25:38,2,1,989.001034196900
7/4/2021,1:01:42,7/5/2021,13:25:38,2,1,989.001034197490
7/4/2021,1:07:44,7/5/2021,13:25:39,2,1,989.001034196009
7/4/2021,1:08:07,7/5/2021,13:25:39,2,1,989.001034195993
7/4/2021,1:33:22,7/5/2021,13:25:39,2,1,989.001039768081
7/4/2021,1:41:00,7/5/2021,13:25:39,2,1,989.001034195630
7/4/2021,1:42:57,7/5/2021,13:25:39,2,1,989.001039768363
7/4/2021,1:54:42,7/5/2021,13:25:39,2,1,989.001034196170
7/4/2021,1:56:18,7/5/2021,13:25:39,2,1,989.001039769140
7/4/2021,1:56:47,7/5/2021,13:25:39,2,1,989.001034195782
7/4/2021,2:03:46,7/5/2021,13:25:39,2,1,989.001039769218
7/4/2021,2:08:22,7/5/2021,13:25:39,2,1,989.001039767706
7/4/2021,2:08:24,7/5/2021,13:25:39,2,1,989.001034197355
7/4/2021,2:13:51,7/5/2021,13:25:39,2,1,989.001034196484
7/4/2021,2:15:52,7/5/2021,13:25:39,2,1,989.001034197294
7/4/2021,2:19:26,7/5/2021,13:25:39,2,1,989.001034195757
7/4/2021,2:27:11,7/5/2021,13:25:39,2,1,989.001034194624
7/4/2021,2:39:18,7/5/2021,13:25:39,2,1,989.001039769527
7/4/2021,2:59:37,7/5/2021,13:25:39,2,1,989.001034195669
7/4/2021,3:32:53,7/5/2021,13:25:39,2,1,989.001034194696
7/4/2021,4:18:34,7/5/2021,13:25:39,2,1,989.001039769331
7/4/2021,4:29:48,7/5/2021,13:25:39,2,1,989.001034194727
7/4/2021,4:38:19,7/5/2021,13:25:39,2,1,989.001034195381
7/4/2021,4:39:09,7/5/2021,13:25:39,2,1,989.001034195117
7/4/2021,5:41:50,7/5/2021,13:25:39,2,1,989.001034195265
7/4/2021,6:11:16,7/5/2021,13:25:39,2,1,989.001034197018
7/4/2021,20:46:57,7/5/2021,13:25:39,2,1,989.001034195956
7/4/2021,22:49:12,7/5/2021,13:25:39,2,1,989.001034197468
7/4/2021,23:17:40,7/5/2021,13:25:39,2,1,989.001034196964
7/4/2021,23:43:52,7/5/2021,13:25:39,2,1,989.001034194931
7/4/2021,23:45:54,7/5/2021,13:25:39,2,1,989.001039769299
7/5/2021,0:07:06,7/5/2021,13:25:39,2,1,989.001034195486
7/5/2021,0:07:13,7/5/2021,13:25:39,2,1,989.001034196527
7/5/2021,0:07:49,7/5/2021,13:25:39,2,1,989.001034196386
7/5/2021,0:16:04,7/5/2021,13:25:39,2,1,989.001034196054
7/5/2021,0:17:23,7/5/2021,13:25:39,2,1,989.001034197241
7/5/2021,0:23:18,7/5/2021,13:25:39,2,1,989.001039768618
7/5/2021,0:26:05,7/5/2021,13:25:39,2,1,989.001039768010
7/5/2021,0:28:11,7/5/2021,13:25:39,2,1,989.001034195787
7/5/2021,0:32:17,7/5/2021,13:25:39,2,1,989.001034196161
7/5/2021,0:37:13,7/5/2021,13:25:39,2,1,989.001034196132
7/5/2021,0:48:47,7/5/2021,13:25:39,2,1,989.001034194989
7/5/2021,1:38:35,7/5/2021,13:25:39,2,1,989.001039768871
7/5/2021,1:45:52,7/5/2021,13:25:39,2,1,989.001034197012
7/5/2021,1:57:57,7/5/2021,13:25:39,2,1,989.001034197360
7/5/2021,2:33:21,7/5/2021,13:25:39,2,1,989.001039767788
7/5/2021,2:34:25,7/5/2021,13:25:39,2,1,989.001034196760
7/5/2021,2:38:18,7/5/2021,13:25:39,2,1,989.001034194856
7/5/2021,2:39:33,7/5/2021,13:25:39,2,1,989.001034195493
7/5/2021,2:51:27,7/5/2021,13:25:39,2,1,989.001034196686
7/5/2021,2:51:30,7/5/2021,13:25:39,2,1,989.001034197027
7/5/2021,2:51:59,7/5/2021,13:25:39,2,1,989.001034196881
7/5/2021,3:00:39,7/5/2021,13:25:40,2,1,989.001034195202
7/5/2021,3:01:52,7/5/2021,13:25:40,2,1,989.001034196058
7/5/2021,3:04:25,7/5/2021,13:25:40,2,1,989.001034197313
7/5/2021,3:05:16,7/5/2021,13:25:40,2,1,989.001034194840
7/5/2021,3:05:21,7/5/2021,13:25:40,2,1,989.001034196157
7/5/2021,3:11:31,7/5/2021,13:25:40,2,1,989.001034196299
7/5/2021,3:14:58,7/5/2021,13:25:40,2,1,989.001034194920
7/5/2021,3:18:31,7/5/2021,13:25:40,2,1,989.001034196223
7/5/2021,3:21:00,7/5/2021,13:25:40,2,1,989.001034195364
7/5/2021,3:27:11,7/5/2021,13:25:40,2,1,989.001034194835
7/5/2021,3:32:51,7/5/2021,13:25:40,2,1,989.001039768675
7/5/2021,3:44:30,7/5/2021,13:25:40,2,1,989.001034196396
7/5/2021,3:46:57,7/5/2021,13:25:40,2,1,989.001034196948
7/5/2021,3:51:05,7/5/2021,13:25:40,2,1,989.001034195455
7/5/2021,3:54:04,7/5/2021,13:25:40,2,1,989.001039768322
7/6/2021,0:17:19,7/15/2021,9:06:36,2,1,989.001034194662
7/6/2021,1:07:33,7/15/2021,9:06:36,2,1,989.001039769255
7/6/2021,1:10:31,7/15/2021,9:06:36,2,1,989.001034195707
7/6/2021,1:15:39,7/15/2021,9:06:36,2,1,989.001034197301
7/6/2021,1:26:32,7/15/2021,9:06:36,2,1,989.001034197116
7/6/2021,1:51:10,7/15/2021,9:06:36,2,1,989.001034195854
7/6/2021,1:58:00,7/15/2021,9:06:36,2,1,989.001039768867
7/6/2021,2:09:47,7/15/2021,9:06:36,2,1,989.001034196106
7/6/2021,2:16:53,7/15/2021,9:06:36,2,1,989.001034195496
7/6/2021,2:30:54,7/15/2021,9:06:36,2,1,989.001034197201
7/6/2021,3:17:47,7/15/2021,9:06:36,2,1,989.001039768912
7/6/2021,3:25:30,7/15/2021,9:06:36,2,1,989.001039769604
7/6/2021,3:30:18,7/15/2021,9:06:36,2,1,989.001039767911
7/6/2021,3:32:17,7/15/2021,9:06:36,2,1,989.001034196971
7/6/2021,3:44:27,7/15/2021,9:06:36,2,1,989.001034196604
7/6/2021,3:53:01,7/15/2021,9:06:36,2,1,989.001039768345
7/6/2021,5:20:00,7/15/2021,9:06:36,2,1,989.001034195234
7/6/2021,5:22:26,7/15/2021,9:06:36,2,1,989.001039768967
7/6/2021,7:46:34,7/15/2021,9:06:36,2,1,989.001039769211
7/6/2021,13:30:32,7/15/2021,9:06:36,2,1,989.001034195322
7/6/2021,20:46:13,7/15/2021,9:06:36,2,1,989.001034195783
7/6/2021,22:32:20,7/15/2021,9:06:36,2,1,989.001039768724
7/6/2021,22:56:34,7/15/2021,9:06:36,2,1,989.001039769636
7/6/2021,23:29:13,7/15/2021,9:06:36,2,1,989.001039768022
7/6/2021,23:58:28,7/15/2021,9:06:36,2,1,989.001039768387
7/7/2021,0:22:14,7/15/2021,9:06:36,2,1,989.001034195808
7/7/2021,0:43:14,7/15/2021,9:06:36,2,1,989.001034195038
7/7/2021,0:45:14,7/15/2021,9:06:36,2,1,989.001034195735
7/7/2021,1:25:26,7/15/2021,9:06:36,2,1,989.001039768934
7/7/2021,1:29:28,7/15/2021,9:06:36,2,1,989.001034195841
7/7/2021,1:35:43,7/15/2021,9:06:36,2,1,989.001034196293
7/7/2021,1:43:22,7/15/2021,9:06:36,2,1,989.001039769644
7/7/2021,2:04:19,7/15/2021,9:06:36,2,1,989.001034195677
7/7/2021,2:22:52,7/15/2021,9:06:36,2,1,989.001034195978
7/7/2021,3:07:25,7/15/2021,9:06:36,2,1,989.001034196342
7/7/2021,3:21:38,7/15/2021,9:06:36,2,1,989.001039768086
7/7/2021,3:47:41,7/15/2021,9:06:36,2,1,989.001034195893
7/7/2021,4:20:57,7/15/2021,9:06:36,2,1,989.001034195771
7/7/2021,22:59:29,7/15/2021,9:06:36,2,1,989.001034195309
7/7/2021,23:57:00,7/15/2021,9:06:36,2,1,989.001039767800
7/8/2021,0:14:00,7/15/2021,9:06:36,2,1,989.001039769517
7/8/2021,0:14:32,7/15/2021,9:06:36,2,1,989.001034195822
7/8/2021,0:16:23,7/15/2021,9:06:36,2,1,989.001034195339
7/8/2021,0:17:56,7/15/2021,9:06:36,2,1,989.001034197213
7/8/2021,0:20:52,7/15/2021,9:06:36,2,1,989.001034194927
7/8/2021,0:20:59,7/15/2021,9:06:37,2,1,989.001034195806
7/8/2021,0:25:40,7/15/2021,9:06:37,2,1,989.001034196395
7/8/2021,0:26:54,7/15/2021,9:06:37,2,1,989.001034196134
7/8/2021,1:23:44,7/15/2021,9:06:37,2,1,989.001039769253
7/8/2021,1:28:18,7/15/2021,9:06:37,2,1,989.001039767996
7/8/2021,1:49:50,7/15/2021,9:06:37,2,1,989.001034194754
7/8/2021,1:55:55,7/15/2021,9:06:37,2,1,989.001034196674
7/8/2021,1:58:36,7/15/2021,9:06:37,2,1,989.001034196545
7/8/2021,2:49:57,7/15/2021,9:06:37,2,1,989.001034195619
7/8/2021,2:55:55,7/15/2021,9:06:37,2,1,989.001034195482
7/8/2021,3:17:31,7/15/2021,9:06:37,2,1,989.001034197164
7/9/2021,1:42:26,7/15/2021,9:06:37,2,1,989.001034194738
7/9/2021,2:25:17,7/15/2021,9:06:37,2,1,989.001034195199
7/9/2021,4:55:25,7/15/2021,9:06:37,2,1,989.001034195498
7/9/2021,15:20:02,7/15/2021,9:06:37,2,1,989.001039768311
7/9/2021,16:20:01,7/15/2021,9:06:37,2,1,989.001034196277
7/9/2021,19:16:39,7/15/2021,9:06:37,2,1,989.001034196352
7/9/2021,21:58:46,7/15/2021,9:06:37,2,1,989.001039768757
7/10/2021,0:42:35,7/15/2021,9:06:37,2,1,989.001034196661
7/10/2021,0:46:57,7/15/2021,9:06:37,2,1,989.001034196994
7/10/2021,1:49:56,7/15/2021,9:06:38,2,1,989.001034195406
7/10/2021,1:53:45,7/15/2021,9:06:38,2,1,989.001034196154
7/10/2021,3:49:15,7/15/2021,9:06:38,2,1,989.001034195952
7/10/2021,3:58:38,7/15/2021,9:06:38,2,1,989.001034195503
7/10/2021,4:58:23,7/15/2021,9:06:38,2,1,989.001039769111
7/10/2021,5:09:38,7/15/2021,9:06:38,2,1,989.001039768990
7/10/2021,5:39:09,7/15/2021,9:06:38,2,1,989.001034194903
7/10/2021,23:47:56,7/15/2021,9:06:38,2,1,989.001034195426
7/11/2021,0:27:04,7/15/2021,9:06:38,2,1,989.001034195785
7/11/2021,15:21:09,7/15/2021,9:06:38,2,1,989.001039769574
7/12/2021,0:01:54,7/15/2021,9:06:38,2,1,989.001034196569
7/12/2021,0:32:56,7/15/2021,9:06:38,2,1,989.001034196027
7/12/2021,0:51:03,7/15/2021,9:06:38,2,1,989.001039767838
7/12/2021,2:34:42,7/15/2021,9:06:38,2,1,989.001039769094
7/12/2021,3:57:25,7/15/2021,9:06:38,2,1,989.001034195181
7/13/2021,1:12:46,7/15/2021,9:06:38,2,1,989.001034196626
7/13/2021,2:49:16,7/15/2021,9:06:38,2,1,989.001034196672
7/13/2021,3:25:18,7/15/2021,9:06:38,2,1,989.001034196021
7/13/2021,3:43:56,7/15/2021,9:06:38,2,1,989.001034196586
7/13/2021,4:00:34,7/15/2021,9:06:38,2,1,989.001034195179
7/13/2021,5:35:35,7/15/2021,9:06:38,2,1,989.001034194901
7/13/2021,22:40:12,7/15/2021,9:06:38,2,1,989.001039769481
7/14/2021,1:23:08,7/15/2021,9:06:38,2,1,989.001034195796
7/14/2021,1:27:51,7/15/2021,9:06:38,2,1,989.001039769404
7/14/2021,2:30:07,7/15/2021,9:06:38,2,1,989.001034197504
7/14/2021,17:32:26,7/15/2021,9:06:38,2,1,989.001034195391
7/15/2021,0:10:26,7/15/2021,9:06:38,2,1,989.001034196340
7/15/2021,1:37:25,7/15/2021,9:06:38,2,1,989.001034195469
7/20/2021,9:38:28,8/26/2021,14:34:05,2,1,989.001034196138
